{
  "name": "LiveNVR",
  "title": "LiveNVR 接口文档",
  "order": [
    "channel",
    "GetChannelStream",
    "GetChannelSnap",
    "GetChannelsConfig",
    "GetChannels",
    "SetChannelConfig",
    "SetChannelEnable",
    "SetChannelPosition",
    "SetChannelAlarm",
    "SetChannelOSD",
    "UploadXlsx",
    "DownloadXlsx",
    "StartRecord",
    "StopRecord",
    "StartRealtimeRecord",
    "StopRealtimeRecord",
    "onvif",
    "DiscoverDevices",
    "ProbeDevice",
    "PTZControl",
    "GetPresets",
    "GotoPreset",
    "SetPreset",
    "RemovePreset",
    "record",
    "QueryRecordDevices",
    "QueryRecordFlags",
    "QueryRecordMonthly",
    "QueryRecordDaily",
    "SetRecordImportant",
    "RemoveRecord",
    "RemoveRecordDaily",
    "RemoveRecordByDevice",
    "RecordDownload",
    "RecordMP4",
    "GetRecordPlan",
    "SetRecordPlan",
    "group",
    "GroupTree",
    "GroupSave",
    "GroupRemove",
    "GroupChannelList",
    "GroupSaveChannels",
    "user",
    "UserList",
    "UserInfo",
    "UserSave",
    "UserRemove",
    "UserResetPassword",
    "UserSetEnable",
    "UserSetHasAllChannel",
    "UserSaveChannels",
    "UserRemoveChannels",
    "sys",
    "Login",
    "Logout",
    "GetUserInfo",
    "ModifyPassword",
    "GetServerInfo",
    "Restart",
    "redis",
    "SubscribeRedis",
    "SubscribeChannel"
  ],
  "version": "6.1.4",
  "description": "LiveNVR Minimal But Not Simplify",
  "sampleUrl": false,
  "defaultVersion": "0.0.0",
  "apidoc": "0.3.0",
  "generator": {
    "name": "apidoc",
    "time": "2021-04-29T10:56:29.472Z",
    "url": "https://apidocjs.com",
    "version": "0.25.0"
  }
}
